{
  "total_bookings": 693871,
  "peak_week": 22,
  "peak_week_bookings": 21271,
  "low_week": 51,
  "low_week_bookings": 4976,
  "summer_bookings": 199077,
  "summer_pct": 28.690779698243624,
  "winter_bookings": 224353,
  "winter_pct": 32.333531737167284,
  "top_summer_cities": {
    "Madrid": 8215,
    "Barcelona": 4768,
    "Sevilla": 4439,
    "Toledo": 4143,
    "M\u00e1laga": 3998
  },
  "top_winter_cities": {
    "Madrid": 19843,
    "Sevilla": 7314,
    "Barcelona": 7116,
    "Toledo": 5244,
    "M\u00e1laga": 4436
  }
}