model,r2_train,r2_test,rmse_test,mae_test,cv_mean,cv_std
Ridge,0.4939221896192463,0.4058706045103121,0.501001175999348,0.3529342930592388,0.4916920383816972,0.01291389346763459
RandomForest,0.713876649528514,0.6529124674350283,0.3829285366873664,0.2742370901555139,0.6707475418988815,0.015058790391845182
XGBoost,0.8503437764673417,0.7628992684442019,0.31649341037050144,0.21984553278850766,0.7735072181462416,0.01267412903788594
LightGBM,0.8024790457494198,0.7327712881647945,0.3360003921197065,0.2348976652323017,0.7456450959162298,0.01201103810089368
CatBoost,0.7180912511603905,0.6718814454705425,0.37231764588660504,0.2649713411478246,0.6874510108883481,0.010639555341038625
