{
  "elasticity_median": -0.38957590462706687,
  "elasticity_ci_lower": -0.409031010410707,
  "elasticity_ci_upper": -0.37453099001753787,
  "elasticity_std": 0.008060916028686855,
  "elasticity_ci_width": 0.03450002039316913,
  "opportunity_mean": 1315607.9190559955,
  "opportunity_ci_lower": 1133749.0065219693,
  "opportunity_ci_upper": 1489414.538661237,
  "opportunity_std": 91411.00127656205,
  "n_bootstrap": 1000,
  "n_treatment_hotels": 431,
  "control_reuse_mean": 1.8698979591836735,
  "control_reuse_max": 11,
  "control_concentration_top10_pct": 11.323328785811732,
  "revpar_metrics": {
    "elasticity_median": -0.38991725185540366,
    "avg_price_diff_pct": 57.432104362337384,
    "observed_lift_pct_median": 41.31454571256773,
    "observed_lift_pct_mean": 49.31646134441494,
    "avg_adr": 84.08521120016083,
    "avg_occupancy": 0.4202600121498108,
    "actual_revpar": 35.337651880599,
    "avg_capacity": 8.057298772169167,
    "actual_annual_revenue": 44885259.992237926,
    "n_hotels": 431,
    "max_revpar_pct": 22.177123679676548,
    "max_annual_opportunity": 9954259.62242298,
    "max_per_room_per_night": 7.836874763053985,
    "scenarios": {
      "5pct": {
        "price_increase_pct": 5.0,
        "revpar_gain_pct": 2.9529344277591463,
        "monthly_opportunity": 110452.69127499966,
        "annual_opportunity": 1325432.295299996,
        "per_room_per_night": 1.0434976883438851
      },
      "10pct": {
        "price_increase_pct": 10.0,
        "revpar_gain_pct": 5.71091022959056,
        "monthly_opportunity": 213613.07537291956,
        "annual_opportunity": 2563356.9044750347,
        "per_room_per_night": 2.018101576146229
      },
      "15pct": {
        "price_increase_pct": 15.0,
        "revpar_gain_pct": 8.273927405494286,
        "monthly_opportunity": 309481.1522937613,
        "annual_opportunity": 3713773.827525136,
        "per_room_per_night": 2.9238116634070472
      },
      "20pct": {
        "price_increase_pct": 20.0,
        "revpar_gain_pct": 10.6419859554703,
        "monthly_opportunity": 398056.9220375241,
        "annual_opportunity": 4776683.064450289,
        "per_room_per_night": 3.7606279501263318
      }
    },
    "recommended_revpar_pct": 5.71091022959056,
    "recommended_annual_opportunity": 2563356.9044750347,
    "recommended_per_room_per_night": 2.018101576146229
  },
  "underpricing_analysis": {
    "total_market_hotels": 2255,
    "underpriced_hotel_count": 392,
    "underpriced_market_pct": 17.38359201773836,
    "peer_hotel_count": 431,
    "avg_underpriced_adr": 88.87039930975277,
    "avg_underpriced_occupancy": 0.3917480707168579,
    "avg_underpriced_revpar": 34.81480747343243,
    "avg_peer_adr": 160.97366489681005,
    "avg_peer_occupancy": 0.3167402083314518,
    "avg_peer_revpar": 50.98683215529292,
    "price_gap_pct": 44.791963724798144,
    "revpar_gap_pct": 31.718041694774485,
    "occupancy_advantage_pct": 23.68119373935449,
    "avg_capacity": 7.586734693877551,
    "median_elasticity": -0.39620408020509157,
    "current_annual_per_hotel": 95087.05477896861,
    "current_total_annual": 37274125.473355696,
    "scenarios": {
      "10pct": {
        "price_increase_pct": 10,
        "new_adr": 97.75743924072806,
        "new_occupancy": 0.3762268523138087,
        "new_revpar": 36.77897365579752,
        "revpar_gain_pct": 5.641755117743989,
        "annual_opportunity": 2102914.881487362,
        "opportunity_per_hotel": 5364.578779304495,
        "new_total_annual_revenue": 39377040.35484306
      },
      "20pct": {
        "price_increase_pct": 20,
        "new_adr": 106.64447917170332,
        "new_occupancy": 0.36070563391075955,
        "new_revpar": 38.46726446271204,
        "revpar_gain_pct": 10.491102075077787,
        "annual_opportunity": 3910466.5510023236,
        "opportunity_per_hotel": 9975.679977046744,
        "new_total_annual_revenue": 41184592.02435802
      },
      "30pct": {
        "price_increase_pct": 30,
        "new_adr": 115.5315191026786,
        "new_occupancy": 0.34518441550771034,
        "new_revpar": 39.879679894175986,
        "revpar_gain_pct": 14.548040872001419,
        "annual_opportunity": 5422655.008544885,
        "opportunity_per_hotel": 13833.303593226747,
        "new_total_annual_revenue": 42696780.48190058
      },
      "46pct": {
        "price_increase_pct": 46,
        "new_adr": 129.75078299223904,
        "new_occupancy": 0.32035046606283163,
        "new_revpar": 41.5657238035811,
        "revpar_gain_pct": 19.390933973426016,
        "annual_opportunity": 7227801.0597103685,
        "opportunity_per_hotel": 18438.268009465224,
        "new_total_annual_revenue": 44501926.533066064
      }
    }
  }
}