{
  "pooled_elasticity": 0.009767766129305641,
  "pooled_ci_lower": 0.008100067346438415,
  "pooled_ci_upper": 0.011313725462828527,
  "fe_elasticity": 0.00468754916810309,
  "fe_ci_lower": 0.002177855650988629,
  "fe_ci_upper": 0.007513378682888074,
  "n_hotels_estimated": 1461,
  "n_hotels_fallback": 742,
  "mean_revpar_gain_pct": 24.528193001922542,
  "median_revpar_gain_pct": 42.50000000000005
}