model,r2_train,r2_test,rmse_test,mae_test,cv_mean,cv_std
Ridge,0.4974884179716734,0.5016770210055879,0.7262704320215265,0.558667830214314,0.49486830685692584,0.016533623300246686
RandomForest,0.6684693665628697,0.6320395804512446,0.6240845901167839,0.4646727973153934,0.6238711935138096,0.008307437153458363
XGBoost,0.751099463987231,0.706580448121942,0.5572979315973293,0.4116055395391972,0.6963510735641012,0.005906722920284022
LightGBM,0.721174622273025,0.6923914533105284,0.5706135828625784,0.4232711387920639,0.6827273993599257,0.006783553947181032
CatBoost,0.6564863731195046,0.6441518588546995,0.61372703867143,0.46181626392710545,0.6373589121622885,0.004346744212636565
