model,r2_train,r2_test,rmse_test,mae_test,cv_mean,cv_std
Ridge,0.47371360829458675,0.48466142599993856,0.4717168393788203,0.35376745191896003,0.46803848785633384,0.03185844827221705
RandomForest,0.7068425845783328,0.6749786104444753,0.3746200570424463,0.2768565279323802,0.658737875028263,0.022118445874806686
XGBoost,0.8348973766632696,0.7667623463504188,0.3173469920243903,0.22874760927459944,0.7489227207078538,0.02101389352062991
LightGBM,0.7890941485474472,0.7433251013146254,0.3329099334502408,0.24065870060000158,0.7231882636577085,0.020294195936496062
CatBoost,0.7021967985980417,0.6804154633200545,0.37147358155732607,0.2733914200212654,0.6694432155432993,0.007771743786697521
