{
  "day_of_week": {
    "coastal_town": {
      "0": 1.009216418577201,
      "1": 1.028586245703089,
      "2": 0.935602009757455,
      "3": 1.0,
      "4": 1.0286982806797755,
      "5": 1.148995667528937,
      "6": 1.1352262983809336
    },
    "major_metro": {
      "0": 0.9327598774182394,
      "1": 0.925645235715712,
      "2": 0.94047044039026,
      "3": 1.0,
      "4": 1.0838664297704075,
      "5": 1.2487541533038962,
      "6": 1.2017895423159788
    },
    "provincial_city": {
      "0": 0.9813655691730652,
      "1": 0.9288636126758987,
      "2": 0.9208761974454369,
      "3": 1.0,
      "4": 1.1079076450229361,
      "5": 1.3552846998897383,
      "6": 1.3323455844898988
    },
    "resort_coastal": {
      "0": 1.0318220407312708,
      "1": 0.9848040864164214,
      "2": 0.9653365304632272,
      "3": 1.0,
      "4": 1.0567003828094461,
      "5": 1.10953145161548,
      "6": 1.0823146251596165
    },
    "rural": {
      "0": 0.9458533008654069,
      "1": 0.9025836288376217,
      "2": 0.9490048498777808,
      "3": 1.0,
      "4": 1.0483501069524388,
      "5": 1.2907093605078763,
      "6": 1.1032961375539545
    },
    "small_town": {
      "0": 0.9936028672694254,
      "1": 0.977965453071342,
      "2": 0.9687685259932872,
      "3": 1.0,
      "4": 1.1104903463126572,
      "5": 1.4026878969965249,
      "6": 1.1946265631063617
    },
    "urban_core": {
      "0": 0.9441835446223789,
      "1": 0.9358449592324903,
      "2": 0.9354458977792528,
      "3": 1.0,
      "4": 1.1092333992455967,
      "5": 1.2416274747220288,
      "6": 1.1726012901662788
    },
    "urban_fringe": {
      "0": 1.0305010500084757,
      "1": 1.0399135703998932,
      "2": 0.9969027092943951,
      "3": 1.0,
      "4": 1.054064358891547,
      "5": 1.3249148653604155,
      "6": 1.1735682393041589
    }
  },
  "monthly": {
    "coastal_town": {
      "1": 0.9208077718099665,
      "2": 0.8278042586813502,
      "3": 0.864207880777429,
      "4": 0.8588463963611068,
      "5": 0.8297952633039264,
      "6": 1.0172173904898514,
      "7": 1.2664738669490276,
      "8": 1.3796428396401144,
      "9": 1.0730764421674914,
      "10": 0.9109772274974154,
      "11": 0.8807938456483053,
      "12": 1.170356816674015
    },
    "major_metro": {
      "1": 0.7653402347755279,
      "2": 0.9050877158043733,
      "3": 0.9683274113187977,
      "4": 1.1067832081281006,
      "5": 1.1108757550427282,
      "6": 1.1003746936919647,
      "7": 1.0978723345889976,
      "8": 1.056735164985248,
      "9": 1.0108951174104197,
      "10": 1.0387303662348066,
      "11": 0.880799834292799,
      "12": 0.9581781637262362
    },
    "provincial_city": {
      "1": 0.836650585469126,
      "2": 0.878930325483692,
      "3": 1.0308681454114457,
      "4": 1.1046296357042702,
      "5": 1.0131465494108909,
      "6": 0.9926995614852515,
      "7": 1.0489632607295392,
      "8": 1.116680282971589,
      "9": 1.039318484351096,
      "10": 0.9888377697966554,
      "11": 0.8471666812513258,
      "12": 1.1021087179351188
    },
    "resort_coastal": {
      "1": 0.7268046319312528,
      "2": 0.771805649901813,
      "3": 0.8221456697632288,
      "4": 0.9017636835008066,
      "5": 0.970698425779579,
      "6": 1.169321268927307,
      "7": 1.4080504968955565,
      "8": 1.4802834849405844,
      "9": 1.152766370337106,
      "10": 0.9492379382538557,
      "11": 0.7428631949672193,
      "12": 0.9042591848016902
    },
    "rural": {
      "1": 0.9927473301216346,
      "2": 1.0125093129744485,
      "3": 0.95868534547122,
      "4": 0.9030735451884855,
      "5": 0.9168754897942926,
      "6": 1.0252121356824655,
      "7": 1.0023588130762588,
      "8": 0.9736260820696802,
      "9": 1.0194016732900824,
      "10": 0.9916356226351374,
      "11": 1.0234983758057317,
      "12": 1.1803762738905625
    },
    "small_town": {
      "1": 0.88183922502731,
      "2": 0.9538432653884729,
      "3": 1.0143855987145243,
      "4": 0.9680091080607548,
      "5": 0.8940523948466829,
      "6": 0.9724854931418198,
      "7": 1.0965727536105652,
      "8": 1.0770997047231667,
      "9": 0.9721176221607446,
      "10": 0.9879856161323888,
      "11": 1.0407075128241856,
      "12": 1.1409017053693837
    },
    "urban_core": {
      "1": 0.6622931451546871,
      "2": 0.779282879898219,
      "3": 0.857203211077768,
      "4": 0.9672504804067791,
      "5": 1.0358547103327773,
      "6": 1.0437075078016025,
      "7": 1.3174359110958012,
      "8": 1.3596329346383937,
      "9": 1.1045870713863815,
      "10": 1.038031350186704,
      "11": 0.8660330446832026,
      "12": 0.9686877533376842
    },
    "urban_fringe": {
      "1": 0.812066007444261,
      "2": 0.8988231508661112,
      "3": 0.8993186383235173,
      "4": 0.9136437194648265,
      "5": 0.9146205238310812,
      "6": 1.0730483484118385,
      "7": 1.2912738827192844,
      "8": 1.2701867074880187,
      "9": 1.0504723872162107,
      "10": 0.9904541619837627,
      "11": 0.8613160849212262,
      "12": 1.0247763873298634
    }
  }
}